{
  "project_info": {
    "project_number": "1019219364510",
    "project_id": "thrift-ec946",
    "storage_bucket": "thrift-ec946.appspot.com"
  },
  "client": [
    {
      "client_info": {
        "mobilesdk_app_id": "1:1019219364510:android:92ff4f223230947db7498f",
        "android_client_info": {
          "package_name": "com.example.logindemo"
        }
      },
      "oauth_client": [
        {
          "client_id": "1019219364510-e0sbf7aaujcs69o40h6fr9kttp6a0esp.apps.googleusercontent.com",
          "client_type": 3
        }
      ],
      "api_key": [
        {
          "current_key": "AIzaSyDOlTiWHJW0bDpbAW5VKT5qSUVI-rJdnjg"
        }
      ],
      "services": {
        "appinvite_service": {
          "other_platform_oauth_client": [
            {
              "client_id": "1019219364510-e0sbf7aaujcs69o40h6fr9kttp6a0esp.apps.googleusercontent.com",
              "client_type": 3
            }
          ]
        }
      }
    },
    {
      "client_info": {
        "mobilesdk_app_id": "1:1019219364510:android:4bc298526a380ef8b7498f",
        "android_client_info": {
          "package_name": "com.example.thrift"
        }
      },
      "oauth_client": [
        {
          "client_id": "1019219364510-e0sbf7aaujcs69o40h6fr9kttp6a0esp.apps.googleusercontent.com",
          "client_type": 3
        }
      ],
      "api_key": [
        {
          "current_key": "AIzaSyDOlTiWHJW0bDpbAW5VKT5qSUVI-rJdnjg"
        }
      ],
      "services": {
        "appinvite_service": {
          "other_platform_oauth_client": [
            {
              "client_id": "1019219364510-e0sbf7aaujcs69o40h6fr9kttp6a0esp.apps.googleusercontent.com",
              "client_type": 3
            }
          ]
        }
      }
    }
  ],
  "configuration_version": "1"
}